-- phpMyAdmin SQL Dump
-- version 5.2.1
-- https://www.phpmyadmin.net/
--
-- Host: 127.0.0.1
-- Waktu pembuatan: 17 Sep 2024 pada 01.38
-- Versi server: 10.4.28-MariaDB
-- Versi PHP: 8.2.4

SET SQL_MODE = "NO_AUTO_VALUE_ON_ZERO";
START TRANSACTION;
SET time_zone = "+00:00";


/*!40101 SET @OLD_CHARACTER_SET_CLIENT=@@CHARACTER_SET_CLIENT */;
/*!40101 SET @OLD_CHARACTER_SET_RESULTS=@@CHARACTER_SET_RESULTS */;
/*!40101 SET @OLD_COLLATION_CONNECTION=@@COLLATION_CONNECTION */;
/*!40101 SET NAMES utf8mb4 */;

--
-- Database: `bookorama`
--

-- --------------------------------------------------------

--
-- Struktur dari tabel `add_review`
--

CREATE TABLE `add_review` (
  `isbn` varchar(13) NOT NULL,
  `review` text NOT NULL
) ENGINE=InnoDB DEFAULT CHARSET=utf8mb4 COLLATE=utf8mb4_general_ci;

--
-- Dumping data untuk tabel `add_review`
--

INSERT INTO `add_review` (`isbn`, `review`) VALUES
('0-672-31281-1', 'Saya sangat menyukai buku ini karena bahasa nya sangat mudah dipahami dan mendalam.'),
('0-672-31281-1', 'Pilihan kata yang digunakan membuat saya seakan-akan merasakan hal yang sama.');

-- --------------------------------------------------------

--
-- Struktur dari tabel `admin`
--

CREATE TABLE `admin` (
  `adminid` int(11) NOT NULL,
  `email` varchar(50) NOT NULL,
  `password` varchar(255) NOT NULL
) ENGINE=MyISAM DEFAULT CHARSET=latin1 COLLATE=latin1_swedish_ci;

--
-- Dumping data untuk tabel `admin`
--

INSERT INTO `admin` (`adminid`, `email`, `password`) VALUES
(1, 'michelle@yahoo.com', 'halo');

-- --------------------------------------------------------

--
-- Struktur dari tabel `books`
--

CREATE TABLE `books` (
  `isbn` varchar(13) NOT NULL,
  `author` varchar(50) DEFAULT NULL,
  `title` varchar(100) DEFAULT NULL,
  `price` float(4,2) DEFAULT NULL,
  `categoryid` int(11) NOT NULL
) ENGINE=MyISAM DEFAULT CHARSET=latin1 COLLATE=latin1_swedish_ci;

--
-- Dumping data untuk tabel `books`
--

INSERT INTO `books` (`isbn`, `author`, `title`, `price`, `categoryid`) VALUES
('0-672-31697-8', 'Michael Morgan', 'Java 2 for Professional Developers', 34.99, 8),
('0-672-31745-1', 'Thomas Down', 'Installing Debian GNU Linux', 24.98, 8),
('0-672-31509-2', 'Pruitt, et al.', 'Teach Yourself GIMP in 24 Hours', 24.99, 8),
('0-672-34281-1', 'Luna del Love', 'Mengagumi Indahmu', 20.99, 2),
('0-672-31281-1', 'Clarita Michelle', 'Jakarta dan Debu Adalah Kawan Saya', 66.98, 7),
('0-672-31581-8', 'Xavier Darmawan', 'How to Get Away With Murder', 70.98, 7);

-- --------------------------------------------------------

--
-- Struktur dari tabel `book_reviews`
--

CREATE TABLE `book_reviews` (
  `isbn` char(13) NOT NULL,
  `review` text DEFAULT NULL
) ENGINE=MyISAM DEFAULT CHARSET=latin1 COLLATE=latin1_swedish_ci;

--
-- Dumping data untuk tabel `book_reviews`
--

INSERT INTO `book_reviews` (`isbn`, `review`) VALUES
('0-672-31697-8', 'Morgan&#039;s book is clearly written and goes well beyond most of the basic Java books out there.'),
('0-672-31281-1', 'Buku ini sangat keren.'),
('0-672-31581-8', 'keren');

-- --------------------------------------------------------

--
-- Struktur dari tabel `categories`
--

CREATE TABLE `categories` (
  `categoryid` int(11) NOT NULL,
  `name` varchar(100) NOT NULL
) ENGINE=InnoDB DEFAULT CHARSET=utf8mb4 COLLATE=utf8mb4_general_ci;

--
-- Dumping data untuk tabel `categories`
--

INSERT INTO `categories` (`categoryid`, `name`) VALUES
(1, 'Fiksi'),
(2, 'Romance'),
(3, 'Thriller'),
(4, 'Horror'),
(5, 'Slice of Life'),
(6, 'Biography'),
(7, 'Novel'),
(8, 'Buku Ilmiah');

-- --------------------------------------------------------

--
-- Struktur dari tabel `customers`
--

CREATE TABLE `customers` (
  `customerid` int(10) UNSIGNED NOT NULL,
  `name` varchar(50) NOT NULL,
  `address` varchar(100) NOT NULL,
  `city` varchar(30) NOT NULL
) ENGINE=MyISAM DEFAULT CHARSET=latin1 COLLATE=latin1_swedish_ci;

--
-- Dumping data untuk tabel `customers`
--

INSERT INTO `customers` (`customerid`, `name`, `address`, `city`) VALUES
(1, 'Michelle Arthur', '357 North Road A', 'Airport West'),
(2, 'Anne', 'Boulevard \' Street', 'Box Hill'),
(3, 'Melly', 'Vicoria Street', 'Airport West'),
(4, 'Rose', 'Queen Street', 'Airport West'),
(5, 'Alan Wonga', 'Buanglow Street', 'Airport West'),
(6, 'Dionysius Mario', 'Jl. Nangka IV No. 39, RT 04/RW 01, Cengkareng Barat', 'Box Hill'),
(7, 'Xavier Konnichiwa', 'Jalan Teuku Umar Gang Martabe, Lingkungan II, Kelurahan Losung, Kecamatan Padangsidimpuan Selatan, K', 'Yarraville'),
(128, '', '', '');

-- --------------------------------------------------------

--
-- Struktur dari tabel `orders`
--

CREATE TABLE `orders` (
  `orderid` int(10) UNSIGNED NOT NULL,
  `customerid` int(10) UNSIGNED NOT NULL,
  `amount` float(6,2) DEFAULT NULL,
  `date` date NOT NULL
) ENGINE=MyISAM DEFAULT CHARSET=latin1 COLLATE=latin1_swedish_ci;

--
-- Dumping data untuk tabel `orders`
--

INSERT INTO `orders` (`orderid`, `customerid`, `amount`, `date`) VALUES
(1, 3, 69.98, '2000-04-02'),
(2, 1, 49.99, '2000-04-15'),
(3, 2, 74.98, '2000-04-19'),
(4, 3, 24.99, '2000-05-01');

-- --------------------------------------------------------

--
-- Struktur dari tabel `order_items`
--

CREATE TABLE `order_items` (
  `orderid` int(10) UNSIGNED NOT NULL,
  `isbn` char(13) NOT NULL,
  `quantity` tinyint(3) UNSIGNED DEFAULT NULL
) ENGINE=MyISAM DEFAULT CHARSET=latin1 COLLATE=latin1_swedish_ci;

--
-- Dumping data untuk tabel `order_items`
--

INSERT INTO `order_items` (`orderid`, `isbn`, `quantity`) VALUES
(1, '0-672-31697-8', 2),
(2, '0-672-31769-9', 1),
(3, '0-672-31769-9', 1),
(3, '0-672-31509-2', 1),
(4, '0-672-31745-1', 3);

--
-- Indexes for dumped tables
--

--
-- Indeks untuk tabel `add_review`
--
ALTER TABLE `add_review`
  ADD UNIQUE KEY `isbn` (`isbn`,`review`) USING HASH;

--
-- Indeks untuk tabel `admin`
--
ALTER TABLE `admin`
  ADD PRIMARY KEY (`adminid`);

--
-- Indeks untuk tabel `books`
--
ALTER TABLE `books`
  ADD PRIMARY KEY (`isbn`);

--
-- Indeks untuk tabel `book_reviews`
--
ALTER TABLE `book_reviews`
  ADD PRIMARY KEY (`isbn`);

--
-- Indeks untuk tabel `categories`
--
ALTER TABLE `categories`
  ADD PRIMARY KEY (`categoryid`);

--
-- Indeks untuk tabel `customers`
--
ALTER TABLE `customers`
  ADD PRIMARY KEY (`customerid`);

--
-- Indeks untuk tabel `orders`
--
ALTER TABLE `orders`
  ADD PRIMARY KEY (`orderid`);

--
-- Indeks untuk tabel `order_items`
--
ALTER TABLE `order_items`
  ADD PRIMARY KEY (`orderid`,`isbn`);

--
-- AUTO_INCREMENT untuk tabel yang dibuang
--

--
-- AUTO_INCREMENT untuk tabel `admin`
--
ALTER TABLE `admin`
  MODIFY `adminid` int(11) NOT NULL AUTO_INCREMENT, AUTO_INCREMENT=3;

--
-- AUTO_INCREMENT untuk tabel `customers`
--
ALTER TABLE `customers`
  MODIFY `customerid` int(10) UNSIGNED NOT NULL AUTO_INCREMENT, AUTO_INCREMENT=129;

--
-- AUTO_INCREMENT untuk tabel `orders`
--
ALTER TABLE `orders`
  MODIFY `orderid` int(10) UNSIGNED NOT NULL AUTO_INCREMENT, AUTO_INCREMENT=5;
COMMIT;

/*!40101 SET CHARACTER_SET_CLIENT=@OLD_CHARACTER_SET_CLIENT */;
/*!40101 SET CHARACTER_SET_RESULTS=@OLD_CHARACTER_SET_RESULTS */;
/*!40101 SET COLLATION_CONNECTION=@OLD_COLLATION_CONNECTION */;
